split,unit,rmse,age_rmse,leak_peak,diagnosable,ds,failure_mode
0,1005,11.567452106837935,13.509507320320498,1.0,True,DS01-005,HPT
0,2010,9.844090457843723,7.995795684054865,1.0,True,DS02-006,HPT+LPT
0,3003,8.39663882890454,6.1145718841497345,1.0,True,DS03-012,HPT+LPT
0,3012,14.574127190698034,16.381271366871964,1.0,True,DS03-012,HPT+LPT
0,4001,15.295806921920512,12.000228370467672,1.0,False,DS04,fan
0,4002,17.767905877944738,0.15602813186240616,1.0,False,DS04,fan
0,4003,21.37468499653817,20.97363568157587,1.0,False,DS04,fan
0,4004,19.67115350948845,4.119246619438562,1.0,False,DS04,fan
0,4005,12.065044575382673,20.97363568157587,1.0,False,DS04,fan
0,4006,15.132216838054797,8.824286265479211,1.0,False,DS04,fan
0,4007,11.806860235778133,12.000228370467672,1.0,False,DS04,fan
0,4008,16.32181241588065,20.349313388714144,1.0,False,DS04,fan
0,4009,17.801245310660512,0.15602813186240616,1.0,False,DS04,fan
0,4010,13.260509567993765,10.439249601675934,1.0,False,DS04,fan
0,5001,9.372107728641465,6.295156388161177,1.0,False,DS05,HPC
0,5002,7.420380149705532,6.295156388161177,1.0,False,DS05,HPC
0,5003,10.157326978540006,8.111374623485073,1.0,False,DS05,HPC
0,5004,10.983440603769084,20.349313388714144,1.0,False,DS05,HPC
0,5005,12.432422021919592,20.97363568157587,1.0,False,DS05,HPC
0,5006,10.233714546071361,6.1145718841497345,1.0,False,DS05,HPC
0,5007,10.863755753766833,10.439249601675934,1.0,False,DS05,HPC
0,5008,9.50740438562515,14.969201392803804,1.0,False,DS05,HPC
0,5009,7.834652176143459,4.119246619438562,1.0,False,DS05,HPC
0,5010,7.8981617062767375,7.995795684054865,1.0,False,DS05,HPC
0,6001,9.385715870383045,4.533957824762285,1.0,False,DS06,HPC+LPC
0,6002,6.776144719436502,4.533957824762285,1.0,False,DS06,HPC+LPC
0,6003,9.419416595205742,8.111374623485073,1.0,False,DS06,HPC+LPC
0,6004,8.998982319215797,12.000228370467672,1.0,False,DS06,HPC+LPC
0,6005,12.18697882250323,20.349313388714144,1.0,False,DS06,HPC+LPC
0,6006,8.752602411819515,5.116609292042927,1.0,False,DS06,HPC+LPC
0,6007,10.027407540518727,6.295156388161177,1.0,False,DS06,HPC+LPC
0,6008,9.856436641258602,14.969201392803804,1.0,False,DS06,HPC+LPC
0,6009,7.24756888057579,4.119246619438562,1.0,False,DS06,HPC+LPC
0,6010,7.7240596633833345,7.995795684054865,1.0,False,DS06,HPC+LPC
0,7010,8.098323018475844,12.000228370467672,1.0,True,DS07,LPT
0,8007,5.351149353321126,5.116609292042927,1.0,True,DS08a-009,HPC+HPT+LPC+LPT+fan
0,8008,5.095515273339498,8.111374623485073,1.0,True,DS08a-009,HPC+HPT+LPC+LPT+fan
0,9009,7.447060133501812,14.103888989606121,1.0,True,DS08c-008,HPC+HPT+LPC+LPT+fan
1,1009,7.408888481919605,5.49906092155774,1.0,True,DS01-005,HPT
1,2005,10.345931635503197,12.789539197947517,1.0,True,DS02-006,HPT+LPT
1,3001,5.993695659516185,1.9982108864335586,1.0,True,DS03-012,HPT+LPT
1,3003,7.225742141480448,6.961267485635186,1.0,True,DS03-012,HPT+LPT
1,4001,12.675738894915781,11.264104949000222,1.0,False,DS04,fan
1,4002,18.821424814258805,1.0161023952716388,1.0,False,DS04,fan
1,4003,18.764811275357733,20.33615852376004,1.0,False,DS04,fan
1,4004,21.014790990380014,4.969346374248718,1.0,False,DS04,fan
1,4005,12.461386587884665,20.33615852376004,1.0,False,DS04,fan
1,4006,13.388100743508163,8.05458818560455,1.0,False,DS04,fan
1,4007,9.25312409609101,11.264104949000222,1.0,False,DS04,fan
1,4008,15.528560854450383,19.70473225131339,1.0,False,DS04,fan
1,4009,16.206467727245283,1.0161023952716388,1.0,False,DS04,fan
1,4010,14.388926504853927,9.686558370339776,1.0,False,DS04,fan
1,5001,8.532741270891687,5.49906092155774,1.0,False,DS05,HPC
1,5002,6.900402303288372,5.49906092155774,1.0,False,DS05,HPC
1,5003,9.584637985615105,8.955457353168617,1.0,False,DS05,HPC
1,5004,10.43643752135038,19.70473225131339,1.0,False,DS05,HPC
1,5005,13.513264587005935,20.33615852376004,1.0,False,DS05,HPC
1,5006,8.225506563126117,6.961267485635186,1.0,False,DS05,HPC
1,5007,9.135254606002622,9.686558370339776,1.0,False,DS05,HPC
1,5008,8.668724628052095,14.265000554501079,1.0,False,DS05,HPC
1,5009,7.022229891683456,4.969346374248718,1.0,False,DS05,HPC
1,5010,6.877341217795167,7.217420620550361,1.0,False,DS05,HPC
1,6001,8.556872776766168,3.7196251440105104,1.0,False,DS06,HPC+LPC
1,6002,6.341450542185419,3.7196251440105104,1.0,False,DS06,HPC+LPC
1,6003,8.879048305964632,8.955457353168617,1.0,False,DS06,HPC+LPC
1,6004,7.902068480378122,11.264104949000222,1.0,False,DS06,HPC+LPC
1,6005,13.68284306328744,19.70473225131339,1.0,False,DS06,HPC+LPC
1,6006,6.928525033522797,5.964870186126431,1.0,False,DS06,HPC+LPC
1,6007,7.912766567293955,5.49906092155774,1.0,False,DS06,HPC+LPC
1,6008,9.21799906679212,14.265000554501079,1.0,False,DS06,HPC+LPC
1,6009,6.383606158292493,4.969346374248718,1.0,False,DS06,HPC+LPC
1,6010,6.658056062821226,7.217420620550361,1.0,False,DS06,HPC+LPC
1,7007,6.911450193653492,3.7196251440105104,1.0,True,DS07,LPT
1,8006,7.4376111924115875,15.939572996295636,1.0,True,DS08a-009,HPC+HPT+LPC+LPT+fan
1,8013,8.248820811477568,17.93517828457633,1.0,True,DS08a-009,HPC+HPT+LPC+LPT+fan
1,9005,13.214830752446314,23.920859318232484,1.0,True,DS08c-008,HPC+HPT+LPC+LPT+fan
2,1003,12.037294697280455,20.805334714513112,1.0,True,DS01-005,HPT
2,2018,7.196460767111123,2.3546216549809373,1.0,True,DS02-006,HPT+LPT
2,3012,14.008244009237513,16.199448233286404,1.0,True,DS03-012,HPT+LPT
2,3015,5.757937003839511,6.337290824089373,1.0,True,DS03-012,HPT+LPT
2,4001,11.401612730140632,11.80593503536476,1.0,False,DS04,fan
2,4002,17.458495440769514,0.3825602949812522,1.0,False,DS04,fan
2,4003,17.24116618540736,20.805334714513112,1.0,False,DS04,fan
2,4004,20.318376549931344,4.342823581705743,1.0,False,DS04,fan
2,4005,10.843268289373876,20.805334714513112,1.0,False,DS04,fan
2,4006,11.570420989136458,8.621144769724541,1.0,False,DS04,fan
2,4007,8.172381505043724,11.80593503536476,1.0,False,DS04,fan
2,4008,14.672295601416645,20.17914074406376,1.0,False,DS04,fan
2,4009,15.44422359021887,0.3825602949812522,1.0,False,DS04,fan
2,4010,12.943593672242974,10.240590196023627,1.0,False,DS04,fan
2,5001,8.840727643116567,6.085056873846231,1.0,False,DS05,HPC
2,5002,6.659287424642376,6.085056873846231,1.0,False,DS05,HPC
2,5003,9.03635764764699,8.33344454280036,1.0,False,DS05,HPC
2,5004,10.704856401922862,20.17914074406376,1.0,False,DS05,HPC
2,5005,12.856907121970103,20.805334714513112,1.0,False,DS05,HPC
2,5006,6.992613907480753,6.337290824089373,1.0,False,DS05,HPC
2,5007,8.464200353831373,10.240590196023627,1.0,False,DS05,HPC
2,5008,9.186752151780693,14.78331992935297,1.0,False,DS05,HPC
2,5009,6.407249609279897,4.342823581705743,1.0,False,DS05,HPC
2,5010,6.206285291344598,7.7903672293787505,1.0,False,DS05,HPC
2,6001,8.927282245221626,4.319049564215757,1.0,False,DS06,HPC+LPC
2,6002,6.2105997598114095,4.319049564215757,1.0,False,DS06,HPC+LPC
2,6003,8.117999450610506,8.33344454280036,1.0,False,DS06,HPC+LPC
2,6004,7.6886307594383565,11.80593503536476,1.0,False,DS06,HPC+LPC
2,6005,13.158751564243556,20.17914074406376,1.0,False,DS06,HPC+LPC
2,6006,6.0773256402097395,5.339719935098072,1.0,False,DS06,HPC+LPC
2,6007,7.049176170031962,6.085056873846231,1.0,False,DS06,HPC+LPC
2,6008,9.793393949173893,14.78331992935297,1.0,False,DS06,HPC+LPC
2,6009,6.153254617793154,4.342823581705743,1.0,False,DS06,HPC+LPC
2,6010,6.158995102463344,7.7903672293787505,1.0,False,DS06,HPC+LPC
2,7003,6.351064779055054,4.319049564215757,1.0,True,DS07,LPT
2,8004,6.362090032632822,2.3546216549809373,1.0,True,DS08a-009,HPC+HPT+LPC+LPT+fan
2,8011,7.6673606246437735,13.325836766321258,1.0,True,DS08a-009,HPC+HPT+LPC+LPT+fan
2,9003,13.393983451479006,20.315425528448397,1.0,True,DS08c-008,HPC+HPT+LPC+LPT+fan
3,1010,9.230784115518816,7.128431265878666,1.0,True,DS01-005,HPT
3,2020,4.508944296940875,8.1475404047094,1.0,True,DS02-006,HPT+LPT
3,3003,7.728968589051135,7.149051329717862,1.0,True,DS03-012,HPT+LPT
3,3006,7.10343169010674,11.14361637452543,1.0,True,DS03-012,HPT+LPT
3,4001,14.604935145416805,11.21477027692397,1.0,False,DS04,fan
3,4002,20.288569337358876,1.1772375726416433,1.0,False,DS04,fan
3,4003,20.726649431299872,20.384249430628103,1.0,False,DS04,fan
3,4004,22.45493278906154,5.15282709253523,1.0,False,DS04,fan
3,4005,14.010768518172958,20.384249430628103,1.0,False,DS04,fan
3,4006,13.529474591492674,7.973650133910281,1.0,False,DS04,fan
3,4007,9.943104323263656,11.21477027692397,1.0,False,DS04,fan
3,4008,17.424723041733188,19.745557449381902,1.0,False,DS04,fan
3,4009,17.81648246600804,1.1772375726416433,1.0,False,DS04,fan
3,4010,16.128574736468195,9.621537836013514,1.0,False,DS04,fan
3,5001,8.980508344896876,5.393772330231236,1.0,False,DS05,HPC
3,5002,7.190950919500582,5.393772330231236,1.0,False,DS05,HPC
3,5003,10.789828363753324,9.146159447219404,1.0,False,DS05,HPC
3,5004,11.169235713053387,19.745557449381902,1.0,False,DS05,HPC
3,5005,14.348417445517157,20.384249430628103,1.0,False,DS05,HPC
3,5006,7.96472595782459,7.149051329717862,1.0,False,DS05,HPC
3,5007,9.318425639969815,9.621537836013514,1.0,False,DS05,HPC
3,5008,9.419119412321841,14.246411295886997,1.0,False,DS05,HPC
3,5009,7.651825510509548,5.15282709253523,1.0,False,DS05,HPC
3,5010,7.55190518854575,7.128431265878666,1.0,False,DS05,HPC
3,6001,9.046890320015661,3.597761212823833,1.0,False,DS06,HPC+LPC
3,6002,6.739264843260906,3.597761212823833,1.0,False,DS06,HPC+LPC
3,6003,9.77816797134967,9.146159447219404,1.0,False,DS06,HPC+LPC
3,6004,8.482472530042903,11.21477027692397,1.0,False,DS06,HPC+LPC
3,6005,14.376911262592742,19.745557449381902,1.0,False,DS06,HPC+LPC
3,6006,6.709883132149031,6.15076865011104,1.0,False,DS06,HPC+LPC
3,6007,7.878034342238934,5.393772330231236,1.0,False,DS06,HPC+LPC
3,6008,10.053994758662071,14.246411295886997,1.0,False,DS06,HPC+LPC
3,6009,6.5873897636546,5.15282709253523,1.0,False,DS06,HPC+LPC
3,6010,7.201207398534012,7.128431265878666,1.0,False,DS06,HPC+LPC
3,7001,9.611637087381723,7.149051329717862,1.0,True,DS07,LPT
3,8009,16.831036080377157,17.085222676960147,1.0,True,DS08a-009,HPC+HPT+LPC+LPT+fan
3,8013,7.9731278548437245,18.135144026152226,1.0,True,DS08a-009,HPC+HPT+LPC+LPT+fan
3,9005,13.00796217664974,24.12697026229864,1.0,True,DS08c-008,HPC+HPT+LPC+LPT+fan
4,1002,7.663900966415844,0.9897223529208437,1.0,True,DS01-005,HPT
4,2002,7.663900978293582,0.9897223529208437,1.0,True,DS02-006,HPT+LPT
4,3002,7.504937249347335,0.9549457357763859,1.0,True,DS03-012,HPT+LPT
4,3004,7.173736984723646,13.884310687512183,1.0,True,DS03-012,HPT+LPT
4,4001,11.881991705801623,11.31709874827775,1.0,False,DS04,fan
4,4002,14.023656150041202,0.9549457357763859,1.0,False,DS04,fan
4,4003,15.656771271458783,20.3820809908637,1.0,False,DS04,fan
4,4004,15.606045389968216,4.908833763086304,1.0,False,DS04,fan
4,4005,9.995580729561983,20.3820809908637,1.0,False,DS04,fan
4,4006,11.875995517066341,8.109986313396192,1.0,False,DS04,fan
4,4007,9.317416262430056,11.31709874827775,1.0,False,DS04,fan
4,4008,10.45137585345729,19.75116404708252,1.0,False,DS04,fan
4,4009,13.428160757176284,0.9549457357763859,1.0,False,DS04,fan
4,4010,12.856441352181209,9.740738985011962,1.0,False,DS04,fan
4,5001,8.78498622695515,5.55634559740343,1.0,False,DS05,HPC
4,5002,7.201454290040014,5.55634559740343,1.0,False,DS05,HPC
4,5003,8.694832266441288,8.895422213321808,1.0,False,DS05,HPC
4,5004,11.026269830534691,19.75116404708252,1.0,False,DS05,HPC
4,5005,14.423822824716453,20.3820809908637,1.0,False,DS05,HPC
4,5006,6.444823461736556,6.901020227945142,1.0,False,DS05,HPC
4,5007,10.324926817257454,9.740738985011962,1.0,False,DS05,HPC
4,5008,9.550394338575698,14.315706554978867,1.0,False,DS05,HPC
4,5009,6.054525822290575,4.908833763086304,1.0,False,DS05,HPC
4,5010,6.611343159620683,7.273439456372733,1.0,False,DS05,HPC
4,6001,8.525928892032868,3.778207097607763,1.0,False,DS06,HPC+LPC
4,6002,6.724494090610257,3.778207097607763,1.0,False,DS06,HPC+LPC
4,6003,8.09023304035809,8.895422213321808,1.0,False,DS06,HPC+LPC
4,6004,7.801919637085109,11.31709874827775,1.0,False,DS06,HPC+LPC
4,6005,14.479777911812649,19.75116404708252,1.0,False,DS06,HPC+LPC
4,6006,5.755245985595408,5.904499109778632,1.0,False,DS06,HPC+LPC
4,6007,8.607805626155697,5.55634559740343,1.0,False,DS06,HPC+LPC
4,6008,10.075241437088954,14.315706554978867,1.0,False,DS06,HPC+LPC
4,6009,5.450921064781106,4.908833763086304,1.0,False,DS06,HPC+LPC
4,6010,6.617507043189229,7.273439456372733,1.0,False,DS06,HPC+LPC
4,7005,8.587671875809695,9.740738985011962,1.0,True,DS07,LPT
4,8003,5.971469470251568,0.9897223529208437,1.0,True,DS08a-009,HPC+HPT+LPC+LPT+fan
4,8012,18.62235523969334,15.880141367845605,1.0,True,DS08a-009,HPC+HPT+LPC+LPT+fan
4,9009,7.72280967478824,14.8822273098467,1.0,True,DS08c-008,HPC+HPT+LPC+LPT+fan
5,1008,12.945092080094252,13.32260389852463,1.0,True,DS01-005,HPT
5,2014,6.564787541500049,2.492933088553226,1.0,True,DS02-006,HPT+LPT
5,3005,12.243139939780361,16.202445476952914,1.0,True,DS03-012,HPT+LPT
5,3010,4.81182579038699,7.33157714524083,1.0,True,DS03-012,HPT+LPT
5,4001,14.603852443882305,11.809138059313186,1.0,False,DS04,fan
5,4002,18.951136053518653,0.37882154352590125,1.0,False,DS04,fan
5,4003,18.840778833076087,20.808108838284944,1.0,False,DS04,fan
5,4004,21.213473032623543,4.339131354249541,1.0,False,DS04,fan
5,4005,13.107987505496183,20.808108838284944,1.0,False,DS04,fan
5,4006,12.667500849943268,8.624493835383321,1.0,False,DS04,fan
5,4007,13.541330284798105,11.809138059313186,1.0,False,DS04,fan
5,4008,16.54744249319809,20.181945750570925,1.0,False,DS04,fan
5,4009,15.697678017563856,0.37882154352590125,1.0,False,DS04,fan
5,4010,15.134185792539265,10.24386527790117,1.0,False,DS04,fan
5,5001,9.310163114331452,6.0885208373714566,1.0,False,DS05,HPC
5,5002,7.612098479786625,6.0885208373714566,1.0,False,DS05,HPC
5,5003,8.869969207856906,8.32977775083857,1.0,False,DS05,HPC
5,5004,11.342866655339614,20.181945750570925,1.0,False,DS05,HPC
5,5005,14.601653537731764,20.808108838284944,1.0,False,DS05,HPC
5,5006,7.535010514074897,6.333613064358616,1.0,False,DS05,HPC
5,5007,10.543501399659311,10.24386527790117,1.0,False,DS05,HPC
5,5008,9.780805903834098,14.786384139595059,1.0,False,DS05,HPC
5,5009,6.914504926718608,4.339131354249541,1.0,False,DS05,HPC
5,5010,7.257041815871752,7.793754051559315,1.0,False,DS05,HPC
5,6001,9.308925078780268,4.3225930135186,1.0,False,DS06,HPC+LPC
5,6002,7.121159643406792,4.3225930135186,1.0,False,DS06,HPC+LPC
5,6003,8.262381173949091,8.32977775083857,1.0,False,DS06,HPC+LPC
5,6004,8.398630476908131,11.809138059313186,1.0,False,DS06,HPC+LPC
5,6005,14.421841358272104,20.181945750570925,1.0,False,DS06,HPC+LPC
5,6006,6.558850891013404,5.336035559393048,1.0,False,DS06,HPC+LPC
5,6007,8.644808530254416,6.0885208373714566,1.0,False,DS06,HPC+LPC
5,6008,10.224092650572468,14.786384139595059,1.0,False,DS06,HPC+LPC
5,6009,6.379904040240249,4.339131354249541,1.0,False,DS06,HPC+LPC
5,6010,7.170853863497639,7.793754051559315,1.0,False,DS06,HPC+LPC
5,7002,9.355845183028435,10.24386527790117,1.0,True,DS07,LPT
5,8007,5.392974311399659,5.336035559393048,1.0,True,DS08a-009,HPC+HPT+LPC+LPT+fan
5,8013,7.678782584762389,17.316405648449944,1.0,True,DS08a-009,HPC+HPT+LPC+LPT+fan
5,9007,13.455632698337412,11.32508362298372,1.0,True,DS08c-008,HPC+HPT+LPC+LPT+fan
6,1003,12.01023407645148,20.914477829952926,1.0,True,DS01-005,HPT
6,2010,9.326341563879991,7.923598164203949,1.0,True,DS02-006,HPT+LPT
6,3007,12.37276421189187,6.221319293975326,1.0,True,DS03-012,HPT+LPT
6,3011,7.838446942747932,14.181316684143741,1.0,True,DS03-012,HPT+LPT
6,4001,14.086103623866094,11.931940953715426,1.0,False,DS04,fan
6,4002,16.549450825539882,0.23558728289128686,1.0,False,DS04,fan
6,4003,17.033894305689337,20.914477829952926,1.0,False,DS04,fan
6,4004,18.42178264756441,4.19773524890236,1.0,False,DS04,fan
6,4005,10.512974216805498,20.914477829952926,1.0,False,DS04,fan
6,4006,12.53122385220497,8.752891684176095,1.0,False,DS04,fan
6,4007,11.530268770580571,11.931940953715426,1.0,False,DS04,fan
6,4008,12.538491111047422,20.289498094732068,1.0,False,DS04,fan
6,4009,15.097227104407368,0.23558728289128686,1.0,False,DS04,fan
6,4010,12.681395065634968,10.36942888058611,1.0,False,DS04,fan
6,5001,8.782384488272186,6.221319293975326,1.0,False,DS05,HPC
6,5002,7.043799201312692,6.221319293975326,1.0,False,DS05,HPC
6,5003,9.311753397577677,8.189342530850888,1.0,False,DS05,HPC
6,5004,10.743902189024634,20.289498094732068,1.0,False,DS05,HPC
6,5005,12.72952213044874,20.914477829952926,1.0,False,DS05,HPC
6,5006,10.530619516613223,6.19276392059537,1.0,False,DS05,HPC
6,5007,10.75950042846864,10.36942888058611,1.0,False,DS05,HPC
6,5008,9.124451758137939,14.90386839494991,1.0,False,DS05,HPC
6,5009,7.198028779878358,4.19773524890236,1.0,False,DS05,HPC
6,5010,7.421085463172363,7.923598164203949,1.0,False,DS05,HPC
6,6001,8.76369564847616,4.458433979737788,1.0,False,DS06,HPC+LPC
6,6002,6.477128176802235,4.458433979737788,1.0,False,DS06,HPC+LPC
6,6003,8.666083575578744,8.189342530850888,1.0,False,DS06,HPC+LPC
6,6004,8.566837005939494,11.931940953715426,1.0,False,DS06,HPC+LPC
6,6005,12.623928316463175,20.289498094732068,1.0,False,DS06,HPC+LPC
6,6006,8.503114081962874,5.194936595934481,1.0,False,DS06,HPC+LPC
6,6007,8.689698746682101,6.221319293975326,1.0,False,DS06,HPC+LPC
6,6008,9.547288001940112,14.90386839494991,1.0,False,DS06,HPC+LPC
6,6009,6.433718459784323,4.19773524890236,1.0,False,DS06,HPC+LPC
6,6010,7.2114391529575395,7.923598164203949,1.0,False,DS06,HPC+LPC
6,7005,8.271927491300996,10.36942888058611,1.0,True,DS07,LPT
6,8004,5.933466710988593,2.2087352603971784,1.0,True,DS08a-009,HPC+HPT+LPC+LPT+fan
6,8007,4.870424024782531,5.194936595934481,1.0,True,DS08a-009,HPC+HPT+LPC+LPT+fan
6,9009,7.997773725879573,14.181316684143741,1.0,True,DS08c-008,HPC+HPT+LPC+LPT+fan
7,1009,7.973539186392459,5.582840795808648,1.0,True,DS01-005,HPT
7,2016,6.075279565241546,10.86252172988716,1.0,True,DS02-006,HPT+LPT
7,3013,8.838077661172322,2.892702280451842,1.0,True,DS03-012,HPT+LPT
7,3015,4.8834643833709395,6.872651836139273,1.0,True,DS03-012,HPT+LPT
7,4001,17.28070454525661,11.341596831417892,1.0,False,DS04,fan
7,4002,19.518101879996337,0.9261719968175476,1.0,False,DS04,fan
7,4003,18.28492203891051,20.403287673482836,1.0,False,DS04,fan
7,4004,23.278398164295705,4.880348989918471,1.0,False,DS04,fan
7,4005,14.976633221074497,20.403287673482836,1.0,False,DS04,fan
7,4006,13.919366651413343,8.135603341086208,1.0,False,DS04,fan
7,4007,10.734181986353322,11.341596831417892,1.0,False,DS04,fan
7,4008,16.04515938122458,19.77260785012131,1.0,False,DS04,fan
7,4009,16.742604960073027,0.9261719968175476,1.0,False,DS04,fan
7,4010,17.20586473965521,9.76578938891806,1.0,False,DS04,fan
7,5001,9.106222648202388,5.582840795808648,1.0,False,DS05,HPC
7,5002,6.667136000253464,5.582840795808648,1.0,False,DS05,HPC
7,5003,9.534557242122675,8.867144540287136,1.0,False,DS05,HPC
7,5004,10.638308179069488,19.77260785012131,1.0,False,DS05,HPC
7,5005,14.069193332398722,20.403287673482836,1.0,False,DS05,HPC
7,5006,9.355163248284981,6.872651836139273,1.0,False,DS05,HPC
7,5007,10.797266377525286,9.76578938891806,1.0,False,DS05,HPC
7,5008,9.261935451031999,14.3391399036843,1.0,False,DS05,HPC
7,5009,6.897341950788975,4.880348989918471,1.0,False,DS05,HPC
7,5010,7.9587701373412285,7.299345379990168,1.0,False,DS05,HPC
7,6001,9.06271685962041,3.805306643597884,1.0,False,DS06,HPC+LPC
7,6002,6.241442896216118,3.805306643597884,1.0,False,DS06,HPC+LPC
7,6003,8.930377894115692,8.867144540287136,1.0,False,DS06,HPC+LPC
7,6004,8.894536184776273,11.341596831417892,1.0,False,DS06,HPC+LPC
7,6005,13.985386558382462,19.77260785012131,1.0,False,DS06,HPC+LPC
7,6006,8.354110239776388,5.876076792429583,1.0,False,DS06,HPC+LPC
7,6007,9.282448324491641,5.582840795808648,1.0,False,DS06,HPC+LPC
7,6008,9.508421594647823,14.3391399036843,1.0,False,DS06,HPC+LPC
7,6009,6.4413397236508585,4.880348989918471,1.0,False,DS06,HPC+LPC
7,6010,7.738043367181842,7.299345379990168,1.0,False,DS06,HPC+LPC
7,7008,7.617518249809487,8.135603341086208,1.0,True,DS07,LPT
7,8011,7.447426407262588,13.856214416979606,1.0,True,DS08a-009,HPC+HPT+LPC+LPT+fan
7,8015,11.06048799644401,1.9084835189870444,1.0,True,DS08a-009,HPC+HPT+LPC+LPT+fan
7,9008,6.958582564344988,11.860370914810236,1.0,True,DS08c-008,HPC+HPT+LPC+LPT+fan
8,1001,13.523908652510737,21.123742713484255,1.0,True,DS01-005,HPT
8,2014,6.5607698936742125,2.9052200217361195,1.0,True,DS02-006,HPT+LPT
8,3003,6.781268396195975,5.915116489345579,1.0,True,DS03-012,HPT+LPT
8,3010,4.7742345023517565,6.913694267821917,1.0,True,DS03-012,HPT+LPT
8,4001,13.141662858717769,12.173537203217313,1.0,False,DS04,fan
8,4002,17.345846757277133,0.0463368891817631,1.0,False,DS04,fan
8,4003,17.440121934399233,21.123742713484255,1.0,False,DS04,fan
8,4004,19.602658138933208,3.9190852597376407,1.0,False,DS04,fan
8,4005,11.131165751897125,21.123742713484255,1.0,False,DS04,fan
8,4006,13.06578851924751,9.005486127483351,1.0,False,DS04,fan
8,4007,11.330650791320547,12.173537203217313,1.0,False,DS04,fan
8,4008,13.54294864492003,20.50109165697289,1.0,False,DS04,fan
8,4009,14.956626823794993,0.0463368891817631,1.0,False,DS04,fan
8,4010,13.796720072112143,10.616453109685182,1.0,False,DS04,fan
8,5001,8.720425163596571,6.482553383860399,1.0,False,DS05,HPC
8,5002,7.597126503635713,6.482553383860399,1.0,False,DS05,HPC
8,5003,8.402651234096114,7.912446965393962,1.0,False,DS05,HPC
8,5004,11.440005396332111,20.50109165697289,1.0,False,DS05,HPC
8,5005,14.226274954215224,21.123742713484255,1.0,False,DS05,HPC
8,5006,8.059092198854565,5.915116489345579,1.0,False,DS05,HPC
8,5007,9.687962120826624,10.616453109685182,1.0,False,DS05,HPC
8,5008,9.539464692264827,15.135003604946984,1.0,False,DS05,HPC
8,5009,7.331397784937538,3.9190852597376407,1.0,False,DS05,HPC
8,5010,6.851376575413437,8.179033609085891,1.0,False,DS05,HPC
8,6001,8.619503583479466,4.7256267266437275,1.0,False,DS06,HPC+LPC
8,6002,6.944966573542687,4.7256267266437275,1.0,False,DS06,HPC+LPC
8,6003,7.837894775105096,7.912446965393962,1.0,False,DS06,HPC+LPC
8,6004,8.098566839921512,12.173537203217313,1.0,False,DS06,HPC+LPC
8,6005,14.339056529594163,20.50109165697289,1.0,False,DS06,HPC+LPC
8,6006,6.636482291381587,4.916833292186453,1.0,False,DS06,HPC+LPC
8,6007,8.161878133569086,6.482553383860399,1.0,False,DS06,HPC+LPC
8,6008,10.068299388881641,15.135003604946984,1.0,False,DS06,HPC+LPC
8,6009,6.466426072465167,3.9190852597376407,1.0,False,DS06,HPC+LPC
8,6010,6.77609982302416,8.179033609085891,1.0,False,DS06,HPC+LPC
8,7005,8.724000411700992,10.616453109685182,1.0,True,DS07,LPT
8,8001,4.844369383191987,0.939355733661886,1.0,True,DS08a-009,HPC+HPT+LPC+LPT+fan
8,8009,18.081049457128458,17.90617561503123,1.0,True,DS08a-009,HPC+HPT+LPC+LPT+fan
8,9007,13.01678568485136,10.909209435642143,1.0,True,DS08c-008,HPC+HPT+LPC+LPT+fan
9,1008,13.350967468405035,13.394211823727204,1.0,True,DS01-005,HPT
9,2005,11.789867751549924,13.394211823727204,1.0,True,DS02-006,HPT+LPT
9,3010,4.377682490763764,7.247699515466624,1.0,True,DS03-012,HPT+LPT
9,3012,15.010461907323924,16.27095674849771,1.0,True,DS03-012,HPT+LPT
9,4001,13.272789518709578,11.882351183973546,1.0,False,DS04,fan
9,4002,20.82317206066755,0.29340235203643467,1.0,False,DS04,fan
9,4003,18.487576431520633,20.87152193668766,1.0,False,DS04,fan
9,4004,23.49063964481017,4.254795007169332,1.0,False,DS04,fan
9,4005,16.29795371655855,20.87152193668766,1.0,False,DS04,fan
9,4006,14.157984376134944,8.701043629244175,1.0,False,DS04,fan
9,4007,9.677746305321023,11.882351183973546,1.0,False,DS04,fan
9,4008,17.85858129270444,20.246064506253802,1.0,False,DS04,fan
9,4009,15.577786810563559,0.29340235203643467,1.0,False,DS04,fan
9,4010,18.257923563303684,10.318724776262862,1.0,False,DS04,fan
9,5001,9.308636788805485,6.167695350230892,1.0,False,DS05,HPC
9,5002,7.914870752413655,6.167695350230892,1.0,False,DS05,HPC
9,5003,7.724987617423211,8.246017785782941,1.0,False,DS05,HPC
9,5004,12.196437890015462,20.246064506253802,1.0,False,DS05,HPC
9,5005,14.440240047888583,20.87152193668766,1.0,False,DS05,HPC
9,5006,5.815681043279196,6.249604728753835,1.0,False,DS05,HPC
9,5007,10.903523889525584,10.318724776262862,1.0,False,DS05,HPC
9,5008,10.600752158072472,14.856425544313694,1.0,False,DS05,HPC
9,5009,5.855132675062678,4.254795007169332,1.0,False,DS05,HPC
9,5010,7.8489144943351805,7.871166413041199,1.0,False,DS05,HPC
9,6001,9.13672588450268,4.403582691287614,1.0,False,DS06,HPC+LPC
9,6002,7.393658684867876,4.403582691287614,1.0,False,DS06,HPC+LPC
9,6003,7.087150570823053,8.246017785782941,1.0,False,DS06,HPC+LPC
9,6004,9.024266754133421,11.882351183973546,1.0,False,DS06,HPC+LPC
9,6005,14.516145138653641,20.246064506253802,1.0,False,DS06,HPC+LPC
9,6006,5.333156761934514,5.251877341731411,1.0,False,DS06,HPC+LPC
9,6007,8.833296789491524,6.167695350230892,1.0,False,DS06,HPC+LPC
9,6008,10.902012100286642,14.856425544313694,1.0,False,DS06,HPC+LPC
9,6009,5.5924297482985255,4.254795007169332,1.0,False,DS06,HPC+LPC
9,6010,7.810360930936095,7.871166413041199,1.0,False,DS06,HPC+LPC
9,7006,6.418748083664341,0.6811843645469362,1.0,True,DS07,LPT
9,8012,17.446600704540828,15.236252428158807,1.0,True,DS08a-009,HPC+HPT+LPC+LPT+fan
9,8015,11.396146024655703,1.2777067213992976,1.0,True,DS08a-009,HPC+HPT+LPC+LPT+fan
9,9009,7.139004625330636,14.237594747356152,1.0,True,DS08c-008,HPC+HPT+LPC+LPT+fan
10,1002,7.587537867510746,1.282271075783976,1.0,True,DS01-005,HPT
10,2005,10.659436982345316,13.091300120354086,1.0,True,DS02-006,HPT+LPT
10,3005,11.873383496064953,15.981158292464702,1.0,True,DS03-012,HPT+LPT
10,3006,6.8429157265499,10.59714534940506,1.0,True,DS03-012,HPT+LPT
10,4001,11.35712810416123,11.572641884197608,1.0,False,DS04,fan
10,4002,18.59626049208079,0.6552730322001106,1.0,False,DS04,fan
10,4003,15.966542636653488,20.603312359006775,1.0,False,DS04,fan
10,4004,21.381063909137836,4.612324590963311,1.0,False,DS04,fan
10,4005,12.334666675935129,20.603312359006775,1.0,False,DS04,fan
10,4006,12.005087454504691,8.377203567846852,1.0,False,DS04,fan
10,4007,8.719387086854276,11.572641884197608,1.0,False,DS04,fan
10,4008,13.580715296891151,19.974866717538816,1.0,False,DS04,fan
10,4009,13.933675241353695,0.6552730322001106,1.0,False,DS04,fan
10,4010,14.711192751635226,10.002043304638988,1.0,False,DS04,fan
10,5001,8.799517654859622,5.832737372774963,1.0,False,DS05,HPC
10,5002,6.872170258091865,5.832737372774963,1.0,False,DS05,HPC
10,5003,9.542346565419855,8.601052364130982,1.0,False,DS05,HPC
10,5004,10.94722902569459,19.974866717538816,1.0,False,DS05,HPC
10,5005,14.31298494980897,20.603312359006775,1.0,False,DS05,HPC
10,5006,6.894924281962647,6.6057174595867245,1.0,False,DS05,HPC
10,5007,10.086284041880248,10.002043304638988,1.0,False,DS05,HPC
10,5008,9.518730813115756,14.560147534429124,1.0,False,DS05,HPC
10,5009,6.951863769551408,4.612324590963311,1.0,False,DS05,HPC
10,5010,6.405025398907758,7.543673005407006,1.0,False,DS05,HPC
10,6001,8.838994444494624,4.0609320359885075,1.0,False,DS06,HPC+LPC
10,6002,6.476590996251498,4.0609320359885075,1.0,False,DS06,HPC+LPC
10,6003,8.640091796795545,8.601052364130982,1.0,False,DS06,HPC+LPC
10,6004,7.729868744003258,11.572641884197608,1.0,False,DS06,HPC+LPC
10,6005,14.241995116547551,19.974866717538816,1.0,False,DS06,HPC+LPC
10,6006,6.1020641931185455,5.608639286422714,1.0,False,DS06,HPC+LPC
10,6007,8.113101734763534,5.832737372774963,1.0,False,DS06,HPC+LPC
10,6008,10.069547547406382,14.560147534429124,1.0,False,DS06,HPC+LPC
10,6009,6.141215273624637,4.612324590963311,1.0,False,DS06,HPC+LPC
10,6010,6.350679324090021,7.543673005407006,1.0,False,DS06,HPC+LPC
10,7004,7.317879894470023,4.9546288728346335,1.0,True,DS07,LPT
10,8008,4.88932438346854,8.601052364130982,1.0,True,DS08a-009,HPC+HPT+LPC+LPT+fan
10,8012,16.922833888978154,15.58832133530187,1.0,True,DS08a-009,HPC+HPT+LPC+LPT+fan
10,9003,13.347294970455488,20.579218234628268,1.0,True,DS08c-008,HPC+HPT+LPC+LPT+fan
11,1009,7.982478970205878,5.666137747068106,1.0,True,DS01-005,HPT
11,2010,9.19783076064416,7.380787813641579,1.0,True,DS02-006,HPT+LPT
11,3011,7.852227922965439,14.766017953510342,1.0,True,DS03-012,HPT+LPT
11,3014,6.694504829612776,2.050812924504769,1.0,True,DS03-012,HPT+LPT
11,4001,13.057000769090122,11.418612229978772,1.0,False,DS04,fan
11,4002,17.993984861485508,0.8357783469350437,1.0,False,DS04,fan
11,4003,20.35666980529976,20.469958318838856,0.7994388754528349,False,DS04,fan
11,4004,20.162597525247993,4.790882809483328,1.0,False,DS04,fan
11,4005,11.33306066447858,20.469958318838856,1.0,False,DS04,fan
11,4006,12.939290610189465,8.216137043750352,1.0,False,DS04,fan
11,4007,8.110383030682835,11.418612229978772,1.0,False,DS04,fan
11,4008,14.49256150202197,19.84002366340944,1.0,False,DS04,fan
11,4009,18.24199362152532,0.8357783469350437,1.0,False,DS04,fan
11,4010,14.508949398540953,9.844541250925637,1.0,False,DS04,fan
11,5001,8.746972358350178,5.666137747068106,1.0,False,DS05,HPC
11,5002,7.297070929968561,5.666137747068106,1.0,False,DS05,HPC
11,5003,6.6510249081388695,8.778327034849475,1.0,False,DS05,HPC
11,5004,11.678479396071552,19.84002366340944,1.0,False,DS05,HPC
11,5005,14.120561462277301,20.469958318838856,1.0,False,DS05,HPC
11,5006,6.2114481491762055,6.78355076307562,1.0,False,DS05,HPC
11,5007,10.489297268375232,9.844541250925637,1.0,False,DS05,HPC
11,5008,10.153099857453377,14.412808466243332,1.0,False,DS05,HPC
11,5009,5.76661977051569,4.790882809483328,1.0,False,DS05,HPC
11,5010,6.683867453378497,7.380787813641579,1.0,False,DS05,HPC
11,6001,8.832286301612182,3.8905084327610244,1.0,False,DS06,HPC+LPC
11,6002,6.945685052255359,3.8905084327610244,1.0,False,DS06,HPC+LPC
11,6003,6.2248609121504535,8.778327034849475,1.0,False,DS06,HPC+LPC
11,6004,7.971314578580271,11.418612229978772,1.0,False,DS06,HPC+LPC
11,6005,13.991209294074089,19.84002366340944,1.0,False,DS06,HPC+LPC
11,6006,6.0107296208354875,5.786806807997672,1.0,False,DS06,HPC+LPC
11,6007,7.944900336154031,5.666137747068106,1.0,False,DS06,HPC+LPC
11,6008,10.451348555933848,14.412808466243332,1.0,False,DS06,HPC+LPC
11,6009,5.960384383362948,4.790882809483328,1.0,False,DS06,HPC+LPC
11,6010,6.806189520132292,7.380787813641579,1.0,False,DS06,HPC+LPC
11,7002,9.322015277995181,9.844541250925637,1.0,True,DS07,LPT
11,8013,7.80665302571397,17.76011557799526,1.0,True,DS08a-009,HPC+HPT+LPC+LPT+fan
11,8015,8.637583650447239,1.8182977969717202,1.0,True,DS08a-009,HPC+HPT+LPC+LPT+fan
11,9001,17.30646468503945,20.75391443527684,1.0,True,DS08c-008,HPC+HPT+LPC+LPT+fan
