model,n_params,RMSE,MAE,NASA,R2,rho_RUL,HPT_eff_mod:R2,HPT_eff_mod:rho,HPT_flow_mod:R2,HPT_flow_mod:rho,LPT_eff_mod:R2,LPT_eff_mod:rho,LPT_flow_mod:R2,LPT_flow_mod:rho,fold,seed
"GFT (hp,lp) +MF",207,13.493050766288126,10.01911965765692,1.8472513543675595,0.775503880054093,0.9704175740772063,-1.8188979487047563,-0.9332163444925656,0.0,0.0,0.0,0.0,0.0,0.0,1,0
"GFT (hp,lp) +MF",207,12.810824062468848,9.630224706212626,1.6515819925802697,0.7976316157022618,0.9848247756943789,0.9377232665963123,0.9926509709995469,0.0,0.0,0.0,0.0,0.0,0.0,1,1
"GFT (hp,lp) +MF",207,15.275782567433208,11.797870574474617,4.050929843016446,0.5020991471248302,0.9274012212263937,0.9579819021980263,0.9790390840667322,0.0,0.0,0.0,0.0,0.0,0.0,2,0
"GFT (hp,lp) +MF",207,18.21287811170979,13.785312388114914,5.996390549258805,0.2922284585092513,0.8344884838597231,0.8289269653581418,0.9129839646084126,0.0,0.0,0.0,0.0,0.0,0.0,2,1
"GFT (hp,lp) +MF",207,14.256864032430647,10.473702682029051,2.3500637839092002,0.7493679847530433,0.9468557418644559,0.8635799065458284,0.989797718621431,0.0,0.0,0.0,0.0,0.0,0.0,3,0
"GFT (hp,lp) +MF",207,15.411343285446176,11.377997214860246,3.022885872428157,0.7071336197963256,0.949944063505701,0.765223510998106,0.9194215276033142,0.0,0.0,0.0,0.0,0.0,0.0,3,1
"GFT (hp,lp) +MF",207,8.761786635569207,6.787394465075288,1.186584188625431,0.8976493002085331,0.9533953902627804,0.961212082223927,0.9833809724837295,0.0,0.0,0.0,0.0,0.0,0.0,4,0
"GFT (hp,lp) +MF",207,8.683205367805847,6.870251019345068,1.1162877909576605,0.8994769596564358,0.950006517108613,0.9656145967543379,0.9865532083052406,0.0,0.0,0.0,0.0,0.0,0.0,4,1
"GFT (hp,lp) +MF",207,6.336136570929375,5.28177935316765,0.6721486357448979,0.939171777809896,0.9722669850578513,0.9651199965345455,0.9827963035068376,0.0,0.0,0.0,0.0,0.0,0.0,5,0
"GFT (hp,lp) +MF",207,6.090319741835826,4.97857719265953,0.6574042659936485,0.9438000082457648,0.9744048670799864,0.9725723666848365,0.9891461837589006,0.0,0.0,0.0,0.0,0.0,0.0,5,1
"GFT (hp,lp) +MF",207,5.710919600735645,4.345389350054877,0.5158075037301856,0.9556721029422748,0.9788657887063285,0.9497751258356957,0.984061023231809,0.0,0.0,0.0,0.0,0.0,0.0,6,0
"GFT (hp,lp) +MF",207,6.261363586863872,4.483497215048488,0.5544839667466184,0.9467152560920487,0.976036244630363,-2.372952719112134,-0.8864140504758748,0.0,0.0,0.0,0.0,0.0,0.0,6,1
"GFT (hp,lp) fixed-MF",135,14.021457304294573,10.64844974713203,1.9671082831955582,0.7575764322944764,0.9859953251877082,-1.2252702803404323,-0.882306139675026,0.0,0.0,0.0,0.0,0.0,0.0,1,0
"GFT (hp,lp) fixed-MF",135,14.34970016797703,11.109588811265779,2.051765760464102,0.7460932865277514,0.987241463811131,-4.270904544075042,-0.854795380688495,0.0,0.0,0.0,0.0,0.0,0.0,1,1
"GFT (hp,lp) fixed-MF",135,17.100056433270122,13.240559202965555,5.594482047598744,0.3760769629707904,0.9583255378345572,-1.856787226980821,-0.9018420448873814,0.0,0.0,0.0,0.0,0.0,0.0,2,0
"GFT (hp,lp) fixed-MF",135,16.995271433083524,13.36301994122164,5.385972455473339,0.38370003324853874,0.9562240841363432,0.765880819730834,0.881926392383666,0.0,0.0,0.0,0.0,0.0,0.0,2,1
"GFT (hp,lp) fixed-MF",135,15.78953402623045,12.53737999089336,2.9097601264734005,0.6925835114186787,0.9686798989364349,-5.333371463942852,-0.9604897164125173,0.0,0.0,0.0,0.0,0.0,0.0,3,0
"GFT (hp,lp) fixed-MF",135,14.983580499192248,11.97075356131906,2.521283988017387,0.7231658001293133,0.9793808255586397,-23.888524502847208,-0.9533100643857404,0.0,0.0,0.0,0.0,0.0,0.0,3,1
"GFT (hp,lp) fixed-MF",135,6.9223624910542245,5.591160085315371,0.8590286502966997,0.9361127572824998,0.9772573383068843,-1.9302661326552135,-0.8843516105773851,0.0,0.0,0.0,0.0,0.0,0.0,4,0
"GFT (hp,lp) fixed-MF",135,6.964778604230483,5.330472616546733,0.8223207843214685,0.9353274327087677,0.9728164004092192,-6.149082344324152,-0.8769272790459213,0.0,0.0,0.0,0.0,0.0,0.0,4,1
"GFT (hp,lp) fixed-MF",135,5.943501922284192,4.852619887172293,0.6247757998746087,0.9464769468178851,0.9759678051945747,-1.4018535214995844,-0.9055299254021609,0.0,0.0,0.0,0.0,0.0,0.0,5,0
"GFT (hp,lp) fixed-MF",135,5.473373774656586,4.129311727196945,0.529055995315167,0.9546093629134872,0.9779223369749486,-4.345048435417259,-0.8941332769502105,0.0,0.0,0.0,0.0,0.0,0.0,5,1
"GFT (hp,lp) fixed-MF",135,6.125579903971752,4.154961104750858,0.5227417816880434,0.9490012589901202,0.9780241433804712,-2.624375260493273,-0.8544683572712642,0.0,0.0,0.0,0.0,0.0,0.0,6,0
"GFT (hp,lp) fixed-MF",135,7.52522686662067,5.28003103957587,0.6987787579281138,0.9230330581395563,0.9688170633680154,0.9162860633291149,0.9954959752430452,0.0,0.0,0.0,0.0,0.0,0.0,6,1
"GFT (hp,lp,age) +MF",229,7.378199529564836,6.193501681085361,0.6903033278581748,0.9328742235791584,0.9952636919837397,0.9859123164962886,0.9952986802184624,0.0,0.0,0.0,0.0,0.0,0.0,1,0
"GFT (hp,lp,age) +MF",229,8.08242202823247,6.714229406196821,0.781479162848767,0.919448881010089,0.9921367425488978,0.9734077478681004,0.9948521028109011,0.0,0.0,0.0,0.0,0.0,0.0,1,1
"GFT (hp,lp,age) +MF",229,16.148904616207343,15.326324704401474,4.187401514534914,0.44355521983635227,0.9950240529894334,0.9444007764365274,0.9768434921758158,0.0,0.0,0.0,0.0,0.0,0.0,2,0
"GFT (hp,lp,age) +MF",229,16.041599271245882,15.186691458385155,4.139295892254277,0.45092551810973747,0.9955335189889749,0.9738568650339038,0.9895802667960741,0.0,0.0,0.0,0.0,0.0,0.0,2,1
"GFT (hp,lp,age) +MF",229,11.101575101320494,9.91830313754754,1.5040288279088958,0.8480300456181138,0.9508333359680716,0.7699619100140316,0.9275299399478387,0.0,0.0,0.0,0.0,0.0,0.0,3,0
"GFT (hp,lp,age) +MF",229,8.2532258958438,7.133304856442972,0.9442233597075181,0.9160083728223267,0.9912223571584451,0.8815975265363994,0.9701111135673199,0.0,0.0,0.0,0.0,0.0,0.0,3,1
"GFT (hp,lp,age) +MF",229,5.640612799503719,4.583311502692758,0.4938597039940021,0.957581232358537,0.989191794384453,0.978792560624437,0.9969196607823834,0.0,0.0,0.0,0.0,0.0,0.0,4,0
"GFT (hp,lp,age) +MF",229,4.607824057333869,3.932551835075222,0.397178857638218,0.9716927783328898,0.991993702670956,0.9653682974649161,0.9880195391692287,0.0,0.0,0.0,0.0,0.0,0.0,4,1
"GFT (hp,lp,age) +MF",229,3.923558249877583,3.1902578189506188,0.35438289409964757,0.9766752888785114,0.9926902074307159,0.9750069363712165,0.9879605110945858,0.0,0.0,0.0,0.0,0.0,0.0,5,0
"GFT (hp,lp,age) +MF",229,3.7153332466880378,2.9598483968341265,0.3279526307755814,0.9790853013122038,0.9907305081896806,0.9614059598092355,0.986983696573155,0.0,0.0,0.0,0.0,0.0,0.0,5,1
"GFT (hp,lp,age) +MF",229,3.251045116154787,2.8992973317391946,0.2612322533667019,0.9856348214231379,0.9982053283462604,0.9704351174362935,0.990044597136371,0.0,0.0,0.0,0.0,0.0,0.0,6,0
"GFT (hp,lp,age) +MF",229,3.368528691798239,2.9238061042310672,0.2654524637918504,0.9845778281555293,0.9978293386314285,0.9548824202196848,0.9909947979370903,0.0,0.0,0.0,0.0,0.0,0.0,6,1
