model,n_params,RMSE,MAE,NASA,R2,rho_RUL,HPT_eff_mod:R2,HPT_eff_mod:rho,HPT_flow_mod:R2,HPT_flow_mod:rho,LPT_eff_mod:R2,LPT_eff_mod:rho,LPT_flow_mod:R2,LPT_flow_mod:rho,age_RMSE
DS01-005,207,12.71576131317745,10.636107833251154,1.6832773980781497,0.720339981321013,0.9743452421283504,-0.028760007758363848,0.8982666606243578,0.0,0.0,0.0,0.0,0.0,0.0,14.137930551130653
DS02-006,207,7.474702092789933,5.7333300340149,0.7917334816764116,0.8774286579385,0.9707411787569067,0.42681634410162217,0.9711143349796026,0.0,0.0,0.5365470084287312,0.6163283659271295,-1.9971069863557225,0.6463732355147503,9.717647708542636
DS03-012,207,8.977756809668318,6.811665448254285,1.0488115306882102,0.8293409617291025,0.9643674432407615,-0.8686383589553979,0.11985728539097798,0.0,0.0,-0.25372743781333784,0.6996221751083104,0.582946560074106,0.9695429896658679,10.25022736973961
DS04,207,13.884973338200819,11.246149039947426,3.0670036219187216,0.6559639421338459,0.8663092451394631,0.0,0.0,0.0,0.0,0.0,0.0,0.0,0.0,13.104767660807315
DS05,207,9.738065496402376,7.327187449006646,1.1119344626453802,0.8246329976189436,0.9609866618984053,0.0,0.0,0.0,0.0,0.0,0.0,0.0,0.0,11.88912068066073
DS06,207,8.985294920495479,6.754527776585802,0.9957601080260082,0.8457849576277524,0.9654321893574505,0.0,0.0,0.0,0.0,0.0,0.0,0.0,0.0,9.866324897033742
DS07,207,9.561766215143221,7.474380581959856,1.136444367314082,0.8280190241446544,0.9548828783440761,0.0,0.0,0.0,0.0,0.18645122806283398,0.562893373630534,-0.008072598008880938,0.7676840440867592,8.338073972754463
DS08a-009,207,9.43099062901807,7.151497879680951,1.2637024726267945,0.7836122157443612,0.9655650983988456,-0.048790237026504535,0.2853498073630936,0.0394899139396786,0.6749795105088674,0.21228185863437354,0.4378058504949395,0.5169548845873329,0.9264483400729588,15.130642252370933
DS08c-008,207,13.1812996845413,10.348755565513075,3.1242069192709,0.3475848324994858,0.941863952036808,-4.422948633931353,-0.8011835123199832,-3.2577636571918047,-0.5465951665355648,0.4944361958918475,0.9079899359810468,-4.941058005823011,-0.5790294617308678,23.18892428427565
