target,component,shaft,sensors,rho,rho_sd,spec,spec_xshaft,spec_xshaft_sd
HPC_eff_mod,HPC,HP,T30+P15+P40,0.8215,0.0334,0.6977,0.6679,0.0603
HPC_eff_mod,HPC,HP,T30+P21+P40,0.7951,0.0175,0.7104,0.6795,0.0727
HPC_eff_mod,HPC,HP,T30+P24+P50,0.7146,0.043,0.7491,0.7155,0.0268
HPC_eff_mod,HPC,HP,T30+T48+T50,0.6908,0.035,0.7069,0.6855,0.0662
HPC_eff_mod,HPC,HP,Nc+T24+T30,0.8653,0.0483,0.774,0.7575,0.0145
HPC_eff_mod,HPC,HP,T30+P21+P24,0.7358,0.0456,0.8023,0.7779,0.0399
HPC_flow_mod,HPC,HP,T30+P15+P21,0.7066,0.0412,0.7225,0.7178,0.0306
HPC_flow_mod,HPC,HP,T30+P15+P24,0.7184,0.0228,0.7128,0.6948,0.1219
HPC_flow_mod,HPC,HP,T30+P21+P24,0.7046,0.0116,0.7413,0.7215,0.0615
HPC_flow_mod,HPC,HP,Wf+T30+P40,0.8333,0.0732,0.4581,0.4137,0.177
HPC_flow_mod,HPC,HP,Wf+T30+P24,0.6546,0.0613,0.3932,0.3036,0.1989
HPC_flow_mod,HPC,HP,T30+T48+T50,0.6657,0.0369,0.6737,0.6527,0.0374
HPT_eff_mod,HPT,HP,Nc+Ps30+P50,0.764,0.0139,0.6189,0.5757,0.0625
HPT_eff_mod,HPT,HP,Nc+T30+Ps30,0.8613,0.0164,0.5732,0.5161,0.0623
HPT_eff_mod,HPT,HP,Nc+P40+P50,0.7517,0.0233,0.6395,0.5983,0.0197
HPT_eff_mod,HPT,HP,Nc+P15+P21,0.7424,0.0091,0.5917,0.5741,0.0186
HPT_eff_mod,HPT,HP,Nc+P24+P50,0.7747,0.0083,0.5164,0.5644,0.0362
HPT_eff_mod,HPT,HP,Nc+T30+T48,0.9652,0.0049,0.612,0.5668,0.0455
HPT_flow_mod,HPT,HP,Wf+Nc+T30,0.8487,0.0212,0.6159,0.6275,0.0342
HPT_flow_mod,HPT,HP,Nc+T30+Ps30,0.8319,0.0737,0.6109,0.589,0.0398
HPT_flow_mod,HPT,HP,Nc+P21+P24,0.1585,0.369,-0.3881,-0.0454,0.2093
HPT_flow_mod,HPT,HP,Nc+P15+P24,0.1673,0.2307,-0.4058,-0.2031,0.2891
HPT_flow_mod,HPT,HP,Wf+T48+T50,0.6138,0.141,0.3635,0.3695,0.0745
HPT_flow_mod,HPT,HP,Nc+T30+T50,0.82,0.0349,0.5205,0.5046,0.1298
LPC_eff_mod,LPC,LP,T24+Ps30+P40,0.4352,0.3221,-0.0631,-0.1767,0.128
LPC_eff_mod,LPC,LP,T24+Ps30+P50,0.2754,0.1184,0.0897,0.0018,0.1129
LPC_eff_mod,LPC,LP,Nf+T24+T30,0.2729,0.1666,0.0734,-0.0947,0.1469
LPC_eff_mod,LPC,LP,T48+T50+P24,0.2905,0.1724,-0.1581,-0.1334,0.2556
LPC_eff_mod,LPC,LP,T30+P24+P50,0.419,0.1339,-0.0805,-0.1508,0.2986
LPC_eff_mod,LPC,LP,T24+T30+T50,0.4726,0.2516,-0.1175,-0.2069,0.2423
LPC_flow_mod,LPC,LP,T24+T48+P40,0.4985,0.0626,0.3913,0.449,0.1534
LPC_flow_mod,LPC,LP,T30+P24+P50,0.5875,0.0996,-0.029,-0.0871,0.0938
LPC_flow_mod,LPC,LP,T24+T48+Ps30,0.272,0.0722,0.337,0.4032,0.0753
LPC_flow_mod,LPC,LP,Nc+T30+P40,0.4229,0.3019,0.2159,0.2445,0.1644
LPC_flow_mod,LPC,LP,T24+T30+P40,0.5557,0.2162,0.4294,0.3946,0.1054
LPC_flow_mod,LPC,LP,Nc+T24+T30,0.5241,0.0762,0.3725,0.2886,0.1837
LPT_eff_mod,LPT,LP,Nc+T30+T48,0.8275,0.0067,0.6318,0.595,0.0389
LPT_eff_mod,LPT,LP,Wf+T24+T50,0.5733,0.1085,0.4673,0.5005,0.0029
LPT_eff_mod,LPT,LP,Nc+T24+T50,0.8081,0.0718,0.5546,0.5268,0.0496
LPT_eff_mod,LPT,LP,T24+T30+T50,0.7093,0.0795,0.6714,0.6731,0.0459
LPT_eff_mod,LPT,LP,Wf+T30+P24,0.5903,0.0312,0.6008,0.5961,0.0607
LPT_eff_mod,LPT,LP,T24+T30+T48,0.8357,0.0662,0.5852,0.5667,0.0477
LPT_flow_mod,LPT,LP,Nc+T30+T48,0.9352,0.0199,0.4883,0.4224,0.0176
LPT_flow_mod,LPT,LP,T24+T30+T48,0.9263,0.0094,0.5423,0.5237,0.0207
LPT_flow_mod,LPT,LP,Wf+T24+T30,0.6776,0.0903,0.4496,0.3829,0.0286
LPT_flow_mod,LPT,LP,Nc+T30+T50,0.9255,0.0088,0.5132,0.4586,0.0416
LPT_flow_mod,LPT,LP,Nc+Ps30+P50,0.7218,0.0245,0.4027,0.3394,0.0603
LPT_flow_mod,LPT,LP,Nf+T30+T50,0.8619,0.067,0.5049,0.4225,0.0389
fan_eff_mod,fan,LP,T24+T48+T50,0.4044,0.0577,0.121,0.1414,0.1598
fan_eff_mod,fan,LP,P21+Ps30+P40,0.3838,0.1415,0.1325,0.1131,0.0147
fan_eff_mod,fan,LP,P15+Ps30+P40,0.3584,0.1151,0.1337,0.1072,0.0189
fan_eff_mod,fan,LP,Nc+T30+Ps30,0.4281,0.2692,0.2782,0.2368,0.1552
fan_eff_mod,fan,LP,Wf+Nf+T50,0.1447,0.3291,0.1983,0.1799,0.1298
fan_eff_mod,fan,LP,T30+P15+P50,0.5572,0.0558,0.3502,0.3105,0.0594
fan_flow_mod,fan,LP,Nc+T24+T30,0.3772,0.2582,0.3153,0.2545,0.2498
fan_flow_mod,fan,LP,Nf+P15+P21,0.407,0.1077,0.3294,0.2853,0.1165
fan_flow_mod,fan,LP,P15+P40+P50,0.5965,0.0221,0.3722,0.3383,0.0039
fan_flow_mod,fan,LP,P21+P40+P50,0.5992,0.026,0.416,0.3938,0.0748
fan_flow_mod,fan,LP,Nf+P24+P40,0.4359,0.1534,0.3061,0.2764,0.108
fan_flow_mod,fan,LP,Nf+P24+Ps30,0.4647,0.0043,0.3643,0.3383,0.052
