component,leaf,target,sensors,theta_R2,theta_rho,leak,ds
HPT,hpt_eff,HPT_eff_mod,T48+P40+Nc,0.9844879805687567,0.9921312028893086,0.7070111226122491,DS01-005
HPT,hpt_eff,HPT_eff_mod,T48+T30+Nc,0.9874115776234016,0.9938470580711597,0.47880885104210064,DS01-005
HPT,hpt_flow,HPT_flow_mod,T48+P40+Ps30,0.0,0.0,0.004709082696792957,DS01-005
HPT,hpt_flow,HPT_flow_mod,T48+Ps30+Nc,0.0,0.0,0.02088831806119863,DS01-005
HPT,hpt_flow,HPT_flow_mod,T48+P40+Nc,0.0,0.0,0.018601942079157326,DS01-005
HPT,hpt_eff,HPT_eff_mod,T48+P40+Nc,0.8965279153508946,0.9791585932076201,0.5217161740530171,DS02-006
HPT,hpt_eff,HPT_eff_mod,T48+T30+Nc,0.8928040852418583,0.9845796191723729,0.37286570327887864,DS02-006
HPT,hpt_flow,HPT_flow_mod,T48+P40+Ps30,0.0,0.0,0.008497070836634828,DS02-006
HPT,hpt_flow,HPT_flow_mod,T48+Ps30+Nc,0.0,0.0,0.014616181214350264,DS02-006
HPT,hpt_flow,HPT_flow_mod,T48+P40+Nc,0.0,0.0,0.010882669564971229,DS02-006
LPT,lpt_flow,LPT_flow_mod,T50+P50+P24,0.5204775154023735,0.9275380099340725,0.8021532382444185,DS02-006
LPT,lpt_flow,LPT_flow_mod,T50+P24+Nf,0.501495190066323,0.8774379043417273,0.8179832155775999,DS02-006
LPT,lpt_flow,LPT_flow_mod,T50+P50+Nf,0.484657405195272,0.8988628774266436,0.6795684410776149,DS02-006
LPT,lpt_eff,LPT_eff_mod,T50+P50+Nf,0.45639560152336855,0.9478808172462266,0.8560404584698136,DS02-006
LPT,lpt_eff,LPT_eff_mod,T50+Nf+Nc,0.8110816042733022,0.9022669329407879,0.5173892997439075,DS02-006
HPT,hpt_eff,HPT_eff_mod,T48+P40+Nc,0.8660203158347337,0.972463938806069,0.49873281391781893,DS03-012
HPT,hpt_eff,HPT_eff_mod,T48+T30+Nc,0.8580770087633027,0.9820049351072233,0.3930545184789371,DS03-012
HPT,hpt_flow,HPT_flow_mod,T48+P40+Ps30,0.0,0.0,0.0035334853868982594,DS03-012
HPT,hpt_flow,HPT_flow_mod,T48+Ps30+Nc,0.0,0.0,0.012674455920979096,DS03-012
HPT,hpt_flow,HPT_flow_mod,T48+P40+Nc,0.0,0.0,0.016927780197289924,DS03-012
LPT,lpt_flow,LPT_flow_mod,T50+P50+P24,0.8391955562092851,0.9737490712102486,1.0377886649602635,DS03-012
LPT,lpt_flow,LPT_flow_mod,T50+P24+Nf,0.7622235600627809,0.9488338475453005,0.9866737085706864,DS03-012
LPT,lpt_flow,LPT_flow_mod,T50+P50+Nf,0.7084153503041215,0.9665439482658618,0.9240865651458058,DS03-012
LPT,lpt_eff,LPT_eff_mod,T50+P50+Nf,0.8203947148250024,0.9638469705758629,0.9072603038113999,DS03-012
LPT,lpt_eff,LPT_eff_mod,T50+Nf+Nc,0.9132180816026298,0.9492118172398846,0.7577229313441473,DS03-012
fan,fan_flow,fan_flow_mod,P21+P15+P24,0.7357874113500056,0.8924469516397444,0.21977822455004875,DS04
fan,fan_flow,fan_flow_mod,P15+P24+Wf,0.776240049856446,0.9052099292582282,0.24511307596217555,DS04
fan,fan_eff,fan_eff_mod,T24+Nf+P21,0.789291060395712,0.8639105694008592,0.8636383989853404,DS04
fan,fan_eff,fan_eff_mod,T24+Nf+Wf,0.4784190658978684,0.7883257038505613,2.1434066235070395,DS04
fan,fan_eff,fan_eff_mod,T24+P24+Nf,0.7756635017232401,0.8790476704688217,1.262260875321754,DS04
HPC,hpc_eff,HPC_eff_mod,Ps30+T30+Nc,0.9581441241315098,0.9823978891587256,0.539427235432025,DS05
HPC,hpc_eff,HPC_eff_mod,P24+T30+Nc,0.965659533408545,0.9817611172762511,0.4995706201757028,DS05
HPC,hpc_flow,HPC_flow_mod,Ps30+P24+Nc,0.9009539241518221,0.898456587949102,0.607491941862836,DS05
HPC,hpc_flow,HPC_flow_mod,Ps30+P40+Nc,0.8440817220185385,0.7317492552518035,1.026435647598322,DS05
HPC,hpc_flow,HPC_flow_mod,P24+T30+Nc,0.9363285301547397,0.9416407443684287,0.8454036532558328,DS05
LPC,lpc_eff,LPC_eff_mod,P24+T24+Nf,0.8803292986774661,0.7521490966019393,0.865057644210287,DS06
LPC,lpc_eff,LPC_eff_mod,P24+T24+Nc,0.871891176507493,0.7139278212978639,1.317299475131067,DS06
LPC,lpc_flow,LPC_flow_mod,P24+P21+Nf,0.7808780639353275,0.5160460527620686,0.48831564084422135,DS06
LPC,lpc_flow,LPC_flow_mod,P24+T24+Nf,0.7557134940551485,0.705041630836142,0.5997357879787778,DS06
LPC,lpc_flow,LPC_flow_mod,P15+P24+Nf,0.7795199984000085,0.41699220621011196,0.5574965425158706,DS06
HPC,hpc_eff,HPC_eff_mod,Ps30+T30+Nc,0.9414369642812661,0.9767671950701542,0.47926800666955915,DS06
HPC,hpc_eff,HPC_eff_mod,P24+T30+Nc,0.9465283962491404,0.9710741715959041,0.44508942508460364,DS06
HPC,hpc_flow,HPC_flow_mod,Ps30+P24+Nc,0.8226460295009108,0.8103963241416678,0.6966275742214704,DS06
HPC,hpc_flow,HPC_flow_mod,Ps30+P40+Nc,0.7824400699245067,0.8130252350139016,0.7674881203953777,DS06
HPC,hpc_flow,HPC_flow_mod,P24+T30+Nc,0.8625904984413166,0.9270906514685271,0.8662469790944382,DS06
LPT,lpt_flow,LPT_flow_mod,T50+P50+P24,0.9482688491011529,0.9799243004653693,1.2069468179313765,DS07
LPT,lpt_flow,LPT_flow_mod,T50+P24+Nf,0.842593177410333,0.9731957773006463,1.0583644613225098,DS07
LPT,lpt_flow,LPT_flow_mod,T50+P50+Nf,0.878515462580139,0.9679313368860587,1.1006512249933975,DS07
LPT,lpt_eff,LPT_eff_mod,T50+P50+Nf,0.9458537187985819,0.9567859411094505,0.9660680485039427,DS07
LPT,lpt_eff,LPT_eff_mod,T50+Nf+Nc,0.9408484162483717,0.9639829223072773,0.8256059556171409,DS07
